,매장명,구,주소,위도,경도
0,강남YMCA점,강남구,서울 강남구 논현동,37.5135304,127.0315341
1,강남구청역아이티웨딩점,강남구,"서울 강남구 학동로 338 (논현동, 강남파라곤)",37.5165785,127.0403418
2,강남논현학동점,강남구,서울 강남구 논현로131길 28 (논현동),37.5142272,127.0286662
3,강남대치점,강남구,"서울 강남구 역삼로 415 (대치동, 성진빌딩)",37.5042957,127.0630527
4,강남도산점,강남구,서울 강남구 도산대로37길 20 (신사동),37.5222413,127.0314815
5,강남세곡점,강남구,"서울 강남구 헌릉로569길 9 (세곡동, 강남지웰파인즈)",37.4669731,127.1005262
6,강남율현점,강남구,"서울 강남구 밤고개로21길 8 (율현동, 세곡프라자)",37.4735007,127.1143801
7,강남자곡점,강남구,"서울 강남구 자곡로 180 (자곡동, 강남유탑유블레스)",37.4734846,127.1030979
8,개포동역점,강남구,"서울 강남구 개포로82길 11 (개포동, 삼우빌딩)",37.4885214,127.0674325
9,건설회관점,강남구,서울 강남구 언주로 711 (논현동),37.5163003,127.0299123
10,대청역점,강남구,"서울 강남구 개포로109길 34 (개포동, 대청프라자)",37.4941288,127.0776841
11,대치역점,강남구,"서울 강남구 남부순환로 2937 (대치동, 까치빌딩)",37.4941007,127.061519
12,대치포스코점,강남구,"서울 강남구 테헤란로78길 16 (대치동, 노벨빌딩)",37.5050626,127.0553827
13,도곡2동점,강남구,"서울 강남구 논현로 142 (도곡동, 동현빌딩)",37.4824351,127.0429933
14,도산사거리점,강남구,서울 강남구 논현동 ,37.5135304,127.0315341
15,삼성동점,강남구,서울 강남구 테헤란로88길 10 (대치동),37.5068062,127.0594495
16,삼성중앙점,강남구,서울 강남구 봉은사로 442 (삼성동),37.5112728,127.0482123
17,삼성한전점,강남구,서울 강남구 테헤란로107길 11 (삼성동),37.5103908,127.0650442
18,선릉사거리점,강남구,"서울 강남구 선릉로 519 (역삼동, 삼능빌딩)",37.505905,127.047937
19,선릉역점,강남구,"서울 강남구 테헤란로 332 (역삼동, HJ타워)",37.50383619999999,127.0481703
20,선릉점,강남구,"서울 강남구 선릉로86길 15 (대치동, 현대선릉 GOLD TOWER)",37.5034763,127.0508494
21,선정릉역점,강남구,서울 강남구 봉은사로 326 (역삼동),37.5096114,127.042657
22,수서역점,강남구,"서울 강남구 광평로 280 (수서동, 로즈데일오피스텔)",37.4871856,127.1026541
23,신사역점,강남구,서울 강남구 압구정로2길 62 (신사동),37.5177352,127.0214289
24,신사점,강남구,서울 강남구 도산대로 118 (논현동),37.5165111,127.0218046
25,압구정로데오역점,강남구,서울 강남구 선릉로161길 20 (신사동),37.5274922,127.0388195
26,압구정점,강남구,서울 강남구 신사동,37.524124,127.022883
27,압구정현대점 ,강남구,"서울 강남구 압구정로 214 (신사동, 현대종합상가빌딩)",37.5250407,127.0248272
28,역삼더블루점,강남구,"서울 강남구 논현로63길 16 (역삼동, 역삼종합시장 더블루)",37.4938222,127.0385342
29,역삼상록점,강남구,"서울 강남구 테헤란로43길 18 (역삼동, SC빌딩)",37.5043993,127.0440514
30,역삼역점,강남구,서울 강남구 테헤란로25길 17 (역삼동),37.5017498,127.0352364
31,역삼월드점,강남구,"서울 강남구 역삼로52길 14 (역삼동, 도곡프라자)",37.4985444,127.0479369
32,역삼점,강남구,서울 강남구 논현로72길 13 (역삼동),37.49579,127.0405163
33,역삼중앙점,강남구,서울 강남구 언주로81길 8 (역삼동),37.49762630000001,127.0287869
34,역삼초교점,강남구,서울 강남구 강남대로 314 (역삼동),37.49128839999999,127.0314731
35,역삼충현점,강남구,서울 강남구 논현로98길 7 (역삼동),37.5037266,127.0363318
36,역삼플래티넘점,강남구,"서울 강남구 테헤란로4길 46 (역삼동, 쌍용플래티넘밸류)",37.4954056,127.0304109
37,을지병원사거리점,강남구,서울 강남구 도산대로30길 7 (논현동),37.5193645,127.0294202
38,이디야커피랩,강남구,"서울 강남구 논현로 636 (논현동, 이디야빌딩)",37.5104556,127.0328766
39,일원동점,강남구,서울 강남구 양재대로27길 20 (일원동),37.49037060000001,127.0816125
40,청담사거리점,강남구,서울 강남구 도산대로 521 (청담동),37.5248364,127.0503603
41,청담역점,강남구,"서울 강남구 삼성로 721 (청담동, 룩희 819)",37.5231998,127.0486655
42,포이사거리점,강남구,서울 강남구 개포로 218 (개포동),37.4784579,127.0465991
43,학동역점,강남구,"서울 강남구 학동로 219 (논현동, 국제빌딩)",37.5107095,127.0443813
44,한티역점,강남구,서울 강남구 도곡로69길 8 (대치동),37.49790960000001,127.0561038
45,강동SK허브점,강동구,"서울 강동구 천호대로 1107 (길동, 강동역에스케이허브)",37.5353237,127.1345903
46,강동구청점,강동구,"서울 강동구 성내로6길 20 (성내동, 청일 베르네)",37.5288753,127.1222899
47,강동역점,강동구,"서울 강동구 천호대로 1065 (천호동, 강동상떼빌)",37.5369023,127.1302611
48,강일점,강동구,"서울 강동구 아리수로93길 19 (강일동, 임페리얼타워)",37.5665592,127.1737804
49,고덕그라시움후문점,강동구,서울 강동구 동남로82길 121 (고덕동),37.5603577,127.1636874
50,고덕래미안힐스점,강동구,"서울 강동구 아리수로50길 50 (고덕동, 래미안힐스테이트고덕)",37.5594375,127.1476045
51,고덕점,강동구,"서울 강동구 동남로75길 19 (명일동, 명일빌딩)",37.5540951,127.1551471
52,굽은다리역점,강동구,서울 강동구 양재대로 1543 (천호동),37.5434703,127.1418503
53,길동사거리점,강동구,서울 강동구 천호대로 1132 (성내동),37.5334861,127.136705
54,길동역점,강동구,서울 강동구 양재대로 1471 (길동),37.5392074,127.1461206
55,길동중앙점,강동구,서울 강동구 명일로 200 (길동),37.5365076,127.1459209
56,둔촌점,강동구,서울 강동구 양재대로 1377 (성내동),37.5291279,127.1362456
57,명일역점,강동구,서울 강동구 양재대로 1626 (명일동),37.5506014,127.1441289
58,명일중앙점,강동구,"서울 강동구 상암로 210 (명일동, 명일현대종합상가)",37.5484567,127.1487867
59,보훈병원점,강동구,"서울 강동구 명일로 110 (둔촌동, 둔촌동암펠로스타워)",37.5287091,127.1431767
60,상일리엔파크점,강동구,"서울 강동구 상일로 74 (상일동, 고덕리엔파크3단지아파트)",37.5523456,127.175784
61,암사3동점,강동구,"서울 강동구 고덕로 140 (암사동, 프라이어팰리스)",37.5534915,127.1390945
62,암사역점,강동구,"서울 강동구 올림픽로 782 (암사동, 501타워)",37.5508357,127.1281014
63,암사중앙점,강동구,"서울 강동구 암사길 50 (암사동, 제이빌더스)",37.5516267,127.1348226
64,올림픽북문점,강동구,서울 강동구 성안로 7 (성내동),37.5281989,127.1292263
65,천호로데오점,강동구,서울 강동구 천호대로 1027 (천호동),37.5381798,127.126317
66,천호역점,강동구,서울 강동구 천호대로 1006 (성내동),37.5379796,127.1237397
67,천호중앙점,강동구,"서울 강동구 올림픽로 660 (천호동, 천호엘크루주상복합)",37.54017959999999,127.1244282
68,천호초교사거리점,강동구,"서울 강동구 구천면로 304 (천호동, 일주빌딩)",37.546686,127.1347948
69,천호현대점,강동구,서울 강동구 올림픽로 665 (천호동),37.5408846,127.1238516
70,4.19사거리점,강북구,서울 강북구 삼양로 501 (수유동),37.6478542,127.0142169
71,가오리역점,강북구,서울 강북구 삼각산로 108 (수유동),37.6405639,127.0161466
72,강북경찰서점,강북구,서울 강북구 오패산로 403 (번동),37.63684689999999,127.0269808
73,광산사거리점,강북구,서울 강북구 한천로 1083 (수유동),37.6424949,127.0226569
74,미아꿈의숲해링턴점,강북구,"서울 강북구 오현로 45 (미아동, 꿈의숲 해링턴 플레이스)",37.6185566,127.034085
75,미아삼거리역점,강북구,서울 강북구 도봉로10길 28 (미아동),37.6138407,127.0310049
76,미아삼거리점,강북구,"서울 강북구 도봉로 45 (미아동, 숭인시장)",37.613141,127.029269
77,미아송천점,강북구,서울 강북구 삼양로 118 (미아동),37.6440552,127.0174118
78,미아역점,강북구,서울 강북구 도봉로 207 -3(미아동),37.6268335,127.0269077
79,미아중앙점,강북구,서울 강북구 도봉로 128 (미아동),37.62042840000001,127.0287354
80,번동점,강북구,"서울 강북구 오현로 194 (번동, 덕수빌딩)",37.6288338,127.0398506
81,북한산점,강북구,서울 강북구 4.19로 85 (수유동),37.6316183,127.0229579
82,삼각산점,강북구,서울 강북구 솔샘로40길 3 (미아동),37.6198769,127.0160092
83,삼양사거리점,강북구,"서울 강북구 솔샘로 254 (미아동, 삼양아케이트)",37.6193347,127.0207972
84,삼양시장점,강북구,"서울 강북구 삼양로 234 (미아동, 대건빌딩)",37.6284519,127.0214065
85,수유1동점,강북구,서울 강북구 삼양로 293 (수유동),37.6295659,127.0176488
86,수유사거리점,강북구,"서울 강북구 덕릉로 82 (수유동, 제네스타워)",37.6349162,127.0252928
87,수유역점,강북구,서울 강북구 도봉로 355 (수유동),37.6393061,127.0266927
88,우이역도선사점,강북구,서울 강북구 삼양로173길 21 (우이동),37.6626046,127.0113765
89,한신대역점,강북구,서울 강북구 덕릉로 31 (수유동),37.6342771,127.0169716
90,가양역점,강서구,서울 강서구 양천로 500 (등촌동),37.558653,126.8532512
91,강서nc점,강서구,서울 강서구 강서로54길 11 (등촌동),37.5592805,126.8393255
92,강서가양동점 ,강서구,"서울 강서구 강서로 511 (가양동, 한림타운)",37.5709705,126.8414444
93,강서교차로점,강서구,"서울 강서구 공항대로 437 (등촌동, 주신기업(주))",37.5391003,126.8663254
94,강서구청점,강서구,"서울 강서구 화곡로 292 (화곡동, 서광프리메라)",37.5501456,126.8485937
95,강서한강자이점,강서구,서울 강서구 양천로 401 (가양동),37.563694,126.8336021
96,개화산역점,강서구,"서울 강서구 양천로 28 (방화동, 벽산에어트리움)",37.5724755,126.8070694
97,곰달래사거리점,강서구,서울 강서구 곰달래로 52 (화곡동),37.5299176,126.8385803
98,공항시장역점,강서구,"서울 강서구 방화동로 37 (방화동, 메디스타워)",37.5640044,126.8107915
99,까치산로점,강서구,서울 강서구 까치산로 182 (화곡동),37.5533329,126.853912
100,까치산역점,강서구,서울 강서구 강서로17길 6 (화곡동),37.5333847,126.8451896
101,내발산점,강서구,"서울 강서구 강서로 304 (내발산동, 영종빌딩)",37.5527284,126.8365671
102,등촌3동점,강서구,서울 강서구 공항대로41길 34 (등촌동),37.5592457,126.8457028
103,등촌동점,강서구,"서울 강서구 공항대로61길 20 (염창동, 우리프리머스)",37.5523447,126.8664448
104,등촌역점,강서구,서울 강서구 등촌로 217 (등촌동),37.549111,126.8632654
105,등촌중앙점,강서구,"서울 강서구 등촌로 67 (등촌동, 컴스웨이빌딩)",37.54575,126.92412
106,렘넌트문화센터점,강서구,"서울 강서구 화곡로63길 65 (등촌동, 예원교회)",37.5577795,126.8499165
107,마곡나루역점,강서구,"서울 강서구 마곡중앙5로 6 (마곡동, 마곡나루역보타닉푸르지오시티)",37.5673603,126.8275954
108,마곡대방디엠씨티점,강서구,"서울 강서구 양천로 344 (마곡동, 마곡센트럴대방디엠시티오피스텔)",37.5686067,126.8395831
109,마곡수명산점,강서구,"서울 강서구 수명로 68-27 (내발산동, 웨스트엔드문화센터)",37.5526355,126.826665
110,마곡엠밸리점,강서구,"서울 강서구 마곡서로 101 (마곡동, 동익드미라벨복합빌딩)",37.5619185,126.826919
111,마곡역점,강서구,"서울 강서구 공항대로 195 (마곡동, 힐스테이트에코동익)",37.5599737,126.8291801
112,마곡중앙점,강서구,"서울 강서구 마곡중앙6로 66 (마곡동, 퀸즈파크텐)",37.5602518,126.8332592
113,마곡퀸즈파크9점,강서구,"서울 강서구 공항대로 247 (마곡동, 퀸즈파크나인)",37.5594439,126.8342748
114,마곡파인스퀘어점,강서구,"서울 강서구 마곡중앙4로 22 (마곡동, 파인스퀘어)",37.558339,126.829802
115,마곡헤리움점,강서구,"서울 강서구 마곡중앙5로1길 25 (마곡동, 마곡헤리움2차)",37.569266,126.826403
116,발산역점,강서구,서울 강서구 공항대로 280 (내발산동),37.54828639999999,126.8194521
117,방화동로점,강서구,서울 강서구 방화동로 95 (방화동),37.5690525,126.8126438
118,방화사거리점,강서구,"서울 강서구 양천로 72 (방화동, 해성빌딩)",37.5526732,126.8524544
119,방화역점,강서구,"서울 강서구 금낭화로 146 (방화동, 오피앙)",37.5781558,126.8132929
120,서울공진초교점,강서구,"서울 강서구 마곡중앙1로 26 (마곡동, 마곡엠리체)",37.5619185,126.826919
121,송정역점,강서구,서울 강서구 공항대로 24 (공항동),37.5619449,126.8126966
122,신방화역점,강서구,"서울 강서구 마곡중앙5로 81 (마곡동, 에스비타운)",37.55319679999999,126.8298352
123,신방화중앙점,강서구,"서울 강서구 방화대로34길 92 (방화동, 불해빌딩)",37.5708766,126.8213439
124,양천향교역점,강서구,서울 강서구 강서로 462 (등촌동),37.5665739,126.8413981
125,염창동점,강서구,서울 강서구 양천로 689 (염창동),37.5540319,126.8717993
126,염창블루나인점,강서구,서울 강서구 양천로 583 (염창동),37.556904,126.8642901
127,우장산동점,강서구,서울 강서구 우현로 15 (화곡동),37.547128,126.8436128
128,우장산역점,강서구,서울 강서구 강서로45길 5 (화곡동),37.5478163,126.8358119
129,증미한화점,강서구,"서울 강서구 양천로 551-17 (가양동, 한화비즈메트로1차)",37.55869200000001,126.8621098
130,화곡남부시장점,강서구,서울 강서구 등촌로5길 80 (화곡동),37.5330576,126.8589924
131,화곡로점,강서구,서울 강서구 화곡로 133 (화곡동),37.54079309999999,126.8364778
132,화곡본동시장점,강서구,서울 강서구 까치산로4길 11 (화곡동),37.5421805,126.8442573
133,화곡사거리점,강서구,서울 강서구 곰달래로 135 (화곡동),37.5307235,126.8479086
134,화곡역점,강서구,서울 강서구 강서로 161 (화곡동),37.541087,126.840531
135,화곡중앙시장점,강서구,서울 강서구 가로공원로76길 61 (화곡동),37.5343836,126.8382576
136,화곡중앙점 ,강서구,서울 강서구 까치산로 79 (화곡동),37.5457288,126.8474016
137,관악구청점,관악구,"서울 관악구 관악로 164 (봉천동, 대우디오슈페리움1단지)",37.4795649,126.9528901
138,관악하나로마트점,관악구,"서울 관악구 남부순환로 1369 (신림동, 관악농협농산물백화점)",37.4800718,126.9027849
139,낙성대역점,관악구,서울 관악구 남부순환로 1915 (봉천동),37.477862,126.9621916
140,난곡사거리점,관악구,서울 관악구 남부순환로 1444 (신림동),37.4893951,126.9251765
141,난향동점,관악구,서울 관악구 난곡로 60 (신림동),37.4607674,126.9193864
142,남현홈플러스점,관악구,"서울 관악구 과천대로 909 (남현동, 남현프라자)",37.4713883,126.9824267
143,녹두거리점,관악구,서울 관악구 신림로 91 (신림동),37.47029879999999,126.9390781
144,당곡사거리점,관악구,서울 관악구 봉천로 245 (봉천동),37.4892526,126.9290254
145,보라매중앙점,관악구,"서울 관악구 보라매로 62 (봉천동, 보라매삼성아파트)",37.4940971,126.9278545
146,봉일시장점,관악구,서울 관악구 은천로 23 (봉천동),37.487825,126.9484942
147,봉천역점,관악구,서울 관악구 남부순환로 1725 (봉천동),37.4826457,126.9418783
148,봉천중앙점,관악구,서울 관악구 남부순환로 1874 (봉천동),37.4789698,126.9577375
149,사당중앙점,관악구,서울 관악구 과천대로 951 (남현동),37.475496,126.9812655
150,서울대입구역점,관악구,"서울 관악구 관악로 195 (봉천동, 관악위버폴리스)",37.4827946,126.9532799
151,서울대중앙점,관악구,서울 관악구 남부순환로216길 2 (봉천동),37.4813377,126.9489838
152,신대방역점,관악구,서울 관악구 난곡로 368 (신림동),37.48680909999999,126.9137478
153,신림난곡점,관악구,서울 관악구 난곡로 197 (신림동),37.47253,126.9189265
154,신림남부초교점,관악구,서울 관악구 남부순환로 1541-1 (신림동),37.48336219999999,126.921872
155,신림대학동점,관악구,서울 관악구 호암로26길 17 (신림동),37.4707098,126.9345955
156,신림르네상스점,관악구,서울 관악구 남부순환로 1617 (신림동),37.4845315,126.9302688
157,신림문화교점,관악구,서울 관악구 신림로 262-1 (신림동),37.478521,126.9326948
158,신림미성점,관악구,서울 관악구 난곡로 250 (신림동),37.4712962,126.917945
159,신림신원점,관악구,서울 관악구 신원로 16 (신림동),37.48078539999999,126.9281219
160,신림신화교점,관악구,서울 관악구 신림로 199 (신림동),37.4754898,126.9361817
161,신림역점,관악구,서울 관악구 신림로 312 (신림동),37.4821435,126.9301389
162,신림중앙점,관악구,서울 관악구 관천로 52 (신림동),37.4842993,126.9266142
163,신림패션문화점,관악구,서울 관악구 봉천로6길 24 (신림동),37.4885801,126.9254188
164,인헌점,관악구,서울 관악구 인헌길 17 (봉천동),37.4707292,126.9688722
165,청룡중앙점,관악구,"서울 관악구 쑥고개로 80 (봉천동, 제이빌딩)",37.47917169999999,126.9452559
166,건대로데오점,광진구,서울 광진구 아차산로30길 8 (자양동),37.5395762,127.0675281
167,건대스타시티2호점,광진구,"서울 광진구 능동로 92 (자양동, 스타시티몰) 지하 2층 201호",37.5387444,127.0730032
168,건대스타시티점,광진구,"서울 광진구 아차산로 272 (자양동, 더샵스타시티)",37.5387444,127.0730032
169,건대역점,광진구,"서울 광진구 아차산로 229 (화양동, 한림타워)",37.5407645,127.0690501
170,건대후문점,광진구,"서울 광진구 광나루로 416 (화양동, 건회빌딩)",37.5435547,127.073456
171,광나루점,광진구,서울 광진구 아차산로 624 (광장동),37.5536729,127.104248
172,광진구청점,광진구,서울 광진구 자양로 136 (구의동),37.5397529,127.0833879
173,구의동점,광진구,서울 광진구 아차산로 481 (구의동),37.5466951,127.0914159
174,구의사거리점,광진구,서울 광진구 광나루로 508 (구의동),37.5447592,127.0859475
175,구의역점,광진구,서울 광진구 구의로 4 (구의동),37.5407871,127.0921788
176,구의자양로점,광진구,서울 광진구 자양로 251 (구의동),37.5489614,127.0892935
177,군자역점,광진구,"서울 광진구 능동로 290 (능동, 삼일빌딩)",37.5555903,127.0790595
178,동서울터미널점,광진구,서울 광진구 구의동 ,37.5466951,127.0914159
179,뚝섬유원지역점,광진구,서울 광진구 능동로 21 (자양동),37.5334659,127.0672262
180,세종대정문점,광진구,서울 광진구 능동로 261 (군자동),37.5517961,127.075273
181,세종대후문점,광진구,서울 광진구 군자로 109 (군자동),37.5528372,127.0719826
182,아차산역점,광진구,서울 광진구 천호대로 663 (구의동),37.55177,127.0902383
183,어린이대공원역점,광진구,서울 광진구 광나루로 380 (화양동),37.5435547,127.073456
184,자양동점,광진구,서울 광진구 자양로 46 (자양동),37.5321373,127.0859522
185,자양우성점,광진구,"서울 광진구 자양번영로 34 (자양동, 제이원하이텔)",37.5326796,127.0757387
186,중곡대원점,광진구,서울 광진구 용마산로 111 (중곡동),37.5635558,127.0866291
187,중곡신성점,광진구,"서울 광진구 용마산로 37 (중곡동, 이안빌딩)",37.598033,127.0940962
188,중곡역점,광진구,서울 광진구 능동로 407 (중곡동),37.5653961,127.0837734
189,중곡중앙점,광진구,서울 광진구 능동로 330 (중곡동),37.5624717,127.0959862
190,개봉북부점,구로구,서울 구로구 경인로40길 12 (개봉동),37.495564,126.8590429
191,개봉역점,구로구,서울 구로구 남부순환로97길 11 (개봉동),37.4941792,126.8583787
192,개봉중앙점,구로구,서울 구로구 개봉로3길 26 (개봉동),37.48641,126.8548809
193,개봉현대점,구로구,서울 구로구 개봉로 69 (개봉동),37.4918637,126.8555982
194,고대구로병원점,구로구,서울 구로구 구로동로 157 (구로동),37.492533,126.8833543
195,고척사거리점,구로구,"서울 구로구 고척로 228-6 (고척동, 종만빌딩)",37.5057472,126.8582376
196,고척스카이돔점,구로구,"서울 구로구 경인로 397 (고척동, 골든타워빌딩)",37.4985688,126.8617883
197,구로AK점,구로구,서울 구로구 구로동로 240 (구로동),37.4999675,126.8826973
198,구로거리공원점,구로구,서울 구로구 구로중앙로28길 73 (구로동),37.5007554,126.8893254
199,구로고척점,구로구,"서울 구로구 고척로 149 (고척동, 상암빌딩)",37.50308649999999,126.850169
200,구로궁동점,구로구,서울 구로구 오리로 1304 (궁동) 1층,37.5003075,126.8289067
201,구로디지털점,구로구,서울 구로구 디지털로31길 81 (구로동),37.4862927,126.8912288
202,구로미성점,구로구,"서울 구로구 구로중앙로 228 (신도림동, 기임빌딩)",37.5060959,126.87662
203,구로에이스점,구로구,서울 구로구 디지털로33길 11 (구로동),37.4856641,126.8955021
204,구로역광장점,구로구,"서울 구로구 경인로 572 (구로동, 스타팰리스)",37.5034025,126.880915
205,구로이마트점,구로구,서울 구로구 디지털로32길 43 (구로동),37.4843537,126.89788
206,구로중앙점,구로구,서울 구로구 도림로 79 (구로동),37.4900511,126.8920236
207,구로코레일점,구로구,"서울 구로구 구로중앙로 174 (구로동, 구로역)",37.5023699,126.8814842
208,구로항동지구점,구로구,"서울 구로구 항동로3길 6 (항동, 가온 프라자)",37.4793217,126.8223661
209,구일역점,구로구,"서울 구로구 구일로 110 (구로동, 해원리버파크)",37.4950273,126.872004
210,남구로역점,구로구,서울 구로구 디지털로27길 127 (가리봉동),37.4846716,126.8870975
211,동양미래대학점,구로구,서울 구로구 경인로47길 14 (고척동),37.500202,126.8670179
212,메르디앙고척점,구로구,"서울 구로구 중앙로8길 11 (고척동, 고척 월드메르디앙)",37.5028461,126.8632325
213,성공회대점,구로구,서울 구로구 연동로 312 (항동),37.4872294,126.8242853
214,신도림메르디앙점,구로구,"서울 구로구 신도림로 65 (신도림동, 신도림월드메르디앙오피스텔)",37.5095401,126.8820361
215,신도림테크노마트점,구로구,서울 구로구 새말로 97 (구로동),37.5070431,126.8902185
216,오류남부점,구로구,서울 구로구 오류로8길 65 (오류동),37.4926091,126.8437777
217,오류북부역점,구로구,서울 구로구 경인로20길 6 (오류동),37.4970676,126.8406319
218,천왕이펜하우스점,구로구,서울 구로구 천왕로 36 (천왕동),37.48199,126.8363095
219,가산SKV1점,금천구,서울 금천구 가산디지털1로 171 (가산동),37.4806318,126.8805702
220,가산그레이트점,금천구,서울 금천구 디지털로9길 32 (가산동),37.4794491,126.8874768
221,가산대륭19차점,금천구,서울 금천구 가산디지털2로 70 (가산동),37.4746528,126.8822218
222,가산두산위브점,금천구,서울 금천구 가산로 111 (가산동),37.4755779,126.8929078
223,가산리더스타워점,금천구,서울 금천구 벚꽃로 286 (가산동),37.4803075,126.8841943
224,가산벽산점,금천구,서울 금천구 벚꽃로 244 (가산동),37.4767039,126.8857798
225,가산에이스점,금천구,서울 금천구 가산디지털1로 196 (가산동),37.4829154,126.8812688
226,가산오거리점,금천구,"서울 금천구 가산로 155 (가산동, 케이디에스빌딩)",37.4813577,126.880871
227,가산월드점,금천구,서울 금천구 가산디지털2로 123 (가산동),37.4787503,126.8786525
228,가산하이엔드10차점,금천구,"서울 금천구 가산디지털1로 30 (가산동, 에이스하이엔드타워10)",37.4780439,126.8815648
229,금천롯데마트점,금천구,"서울 금천구 시흥대로 291 (독산동, 금천롯데캐슬골드파크3차)",37.4611632,126.8971642
230,독산동쌈지공원점,금천구,서울 금천구 독산로 276 (독산동),37.47131359999999,126.9032798
231,독산동점,금천구,"서울 금천구 독산로 218 (독산동, 창영빌딩)",37.4663108,126.9019986
232,독산롯데시네마점,금천구,서울 금천구 시흥대로 399 (독산동),37.4693273,126.8970414
233,박미삼거리점,금천구,서울 금천구 시흥대로 150 (시흥동),37.47636,126.9007077
234,석수푸르지오점,금천구,"서울 금천구 삼성산길 11 (시흥동, 위너스타워)",37.4340449,126.9048803
235,세광교회점,금천구,서울 금천구 독산로 124 (시흥동),37.4582394,126.9056093
236,시흥대로점,금천구,서울 금천구 시흥대로 476 (독산동),37.4759634,126.8990626
237,시흥동점,금천구,서울 금천구 시흥동,37.4492857,126.9104662
238,시흥사거리점,금천구,서울 금천구 시흥대로63길 8 (시흥동),37.4549924,126.8991565
239,시흥유통센터점,금천구,"서울 금천구 시흥대로 88 (시흥동, 오복빌딩)",37.4418543,126.9039525
240,시흥중앙점,금천구,서울 금천구 금하로 748 (시흥동),37.4498371,126.9125411
241,에이스가산포휴점,금천구,"서울 금천구 가산디지털1로 225 (가산동, 에이스 가산 포휴(지식산업센터))",37.4851258,126.8787246
242,은행나무사거리점,금천구,서울 금천구 금하로 690 (시흥동),37.4517558,126.9066215
243,공릉역점,노원구,서울 노원구 동일로192길 5 (공릉동),37.626035,127.0733753
244,공릉중앙점,노원구,서울 노원구 공릉로 146 (공릉동),37.623043,127.0795195
245,광운대점,노원구,서울 노원구 광운로 29 (월계동),37.6202851,127.0584102
246,노원KT점,노원구,서울 노원구 노해로 494 (상계동),37.6545399,127.0629813
247,노원사거리점,노원구,서울 노원구 동일로 1393 (상계동),37.6529076,127.0605347
248,노원역2호점,노원구,서울 노원구 상계로 64 (상계동),37.6555926,127.0623312
249,노원중앙점,노원구,서울 노원구 노원로 452 (상계동),37.6568057,127.0669206
250,당고개역점,노원구,서울 노원구 상계로 313 (상계동),37.67078619999999,127.0803617
251,마들역점,노원구,서울 노원구 동일로 1541 (상계동),37.66581350000001,127.0569853
252,상계동점,노원구,서울 노원구 한글비석로52길 8 (상계동),37.6648446,127.0664584
253,상계역사거리점,노원구,서울 노원구 한글비석로 409 (상계동) 1~2층,37.6611031,127.0708473
254,상계역점,노원구,서울 노원구 덕릉로 698 (중계동),37.6598008,127.0756283
255,상계중앙점,노원구,서울 노원구 동일로 1650 (상계동),37.6754112,127.0555125
256,서울과학기술대점,노원구,서울 노원구 공릉로 208 (공릉동),37.628258,127.0777683
257,서울여대점,노원구,서울 노원구 노원로 3 (공릉동),37.6218823,127.0865752
258,석계역점,노원구,서울 노원구 석계로3길 3 (월계동),37.6155161,127.0643253
259,세이브존노원점,노원구,"서울 노원구 한글비석로 57 (하계동, 세이브존)",37.636639,127.0684032
260,수락산역점,노원구,"서울 노원구 동일로 1689 (상계동, 하이베라스)",37.67918909999999,127.0549866
261,원자력병원점,노원구,서울 노원구 공릉로46길 6 (공릉동),37.6269138,127.0796292
262,월계이마트점,노원구,"서울 노원구 마들로3길 15 (월계동, 월계이마트)",37.6265118,127.0619079
263,월계인덕점,노원구,서울 노원구 광운로22길 39 (월계동),37.6285729,127.0592566
264,월계초교점,노원구,서울 노원구 월계동 ,37.6277451,127.0568215
265,은행사거리점,노원구,서울 노원구 중계로 201 (중계동),37.6504368,127.0777536
266,중계롯데우성점,노원구,서울 노원구 노원로22길 70 (중계동),37.6475922,127.0726622
267,중계본동점,노원구,서울 노원구 중계로14바길 2 (중계동),37.6498409,127.0825681
268,중계브라운스톤점,노원구,"서울 노원구 동일로203가길 29 (중계동, 브라운스톤중계)",37.6400147,127.0642892
269,중계점,노원구,서울 노원구 동일로204가길 34 (중계동),37.6406859,127.0681273
270,중계중앙점,노원구,서울 노원구 덕릉로73길 18 (중계동),37.6521367,127.0723076
271,태릉입구역점,노원구,"서울 노원구 공릉로 105 (공릉동, 성종빌딩)",37.6195756,127.077871
272,하계온천점,노원구,서울 노원구 노원로 257 (하계동),37.6401942,127.0727915
273,하계을지점,노원구,서울 노원구 공릉로 326 (하계동),37.6358505,127.0711596
274,덕성여대점,도봉구,서울 도봉구 삼양로 542 (쌍문동),37.6515523,127.0129588
275,도봉구청점,도봉구,"서울 도봉구 도봉로150길 43 (방학동, ESA 아파트)",37.6687735,127.0455156
276,도봉보건소사거리점,도봉구,서울 도봉구 해등로 157 (쌍문동),37.6567466,127.0388047
277,도봉산점,도봉구,서울 도봉구 도봉산길 18 (도봉동),37.6859515,127.0362049
278,도봉역점,도봉구,서울 도봉구 도봉로 823 (도봉동),37.6778789,127.0447434
279,도봉중앙점,도봉구,서울 도봉구 도봉로181길 18 (도봉동),37.6842049,127.0448504
280,방학사거리점,도봉구,서울 도봉구 도봉로 677 (방학동),37.6625819,127.0410405
281,방학역점,도봉구,서울 도봉구 도봉로153길 15 (방학동),37.669757,127.0425203
282,방학점,도봉구,서울 도봉구 방학로 171 (방학동),37.6621271,127.0332303
283,방학중앙점,도봉구,서울 도봉구 도당로13길 22 (방학동),37.6657273,127.0352862
284,방학홈플러스점,도봉구,"서울 도봉구 도봉로 678 (방학동, 홈플러스데스코㈜방학점)",37.6648017,127.0437103
285,선덕고사거리점,도봉구,"서울 도봉구 해등로 255 (쌍문동, 에벤에셀아파트)",37.6573579,127.0281843
286,신창점,도봉구,서울 도봉구 덕릉로 235 (창동),37.6388915,127.0380921
287,쌍문동점,도봉구,서울 도봉구 노해로 162 (쌍문동),37.6487826,127.0272818
288,쌍문역점,도봉구,서울 도봉구 도봉로117길 4 (쌍문동),37.6494003,127.034694
289,쌍문중앙점,도봉구,서울 도봉구 도봉로 519 (쌍문동),37.6568545,127.0152936
290,창동블루핀점,도봉구,서울 도봉구 마들로 550 (창동),37.6605123,127.049623
291,창동역점,도봉구,서울 도봉구 마들로11길 65 (창동),37.6533575,127.0496609
292,창동제일점,도봉구,서울 도봉구 노해로70길 81 (창동),37.6487061,127.0525283
293,창동중앙점,도봉구,서울 도봉구 노해로63길 78 (창동),37.6525232,127.0463148
294,창동하나로마트점,도봉구,"서울 도봉구 마들로11길 20 (창동, 농협창동유통센타)",37.6553982,127.0521044
295,창동학원가점,도봉구,서울 도봉구 해등로16길 61 (창동),37.65509040000001,127.0433286
296,창동현대타운점,도봉구,서울 도봉구 도봉로114길 22 (창동),37.6473276,127.0356466
297,경희대점,동대문구,서울 동대문구 경희대로 4 (회기동),37.5916824,127.0551428
298,경희대캠퍼스점,동대문구,"서울 동대문구 경희대로 26 (회기동, 경희대학교,경희초,중,고,여자중고등학교)",37.5953632,127.0527612
299,답십리역점,동대문구,서울 동대문구 천호대로 265 (답십리동),37.56902609999999,127.0573024
300,답십리파크자이점,동대문구,"서울 동대문구 한천로 55 (답십리동, 영진빌딩)",37.5714784,127.0577096
301,동대문구청점,동대문구,서울 동대문구 천호대로 153-1 (용두동),37.5795817,127.0299297
302,동부병원사거리점,동대문구,서울 동대문구 무학로 104 (용두동),37.5735046,127.0309651
303,배봉초교사거리점,동대문구,서울 동대문구 답십리로63길 131 (장안동),37.5784698,127.069321
304,서울시립대점,동대문구,"서울 동대문구 서울시립대로 164 (전농동, 도석프라자)",37.583249,127.0548191
305,외대점,동대문구,서울 동대문구 휘경로 12 (이문동),37.59582040000001,127.0612654
306,용두동사거리점,동대문구,서울 동대문구 왕산로 68 (용두동),37.5757009,127.034989
307,용두동점,동대문구,서울 동대문구 고산자로 413-1 (용두동),37.5766232,127.0379189
308,이문점 ,동대문구,서울 동대문구 신이문로 19 (이문동),37.6031045,127.064235
309,장안동사거리점,동대문구,서울 동대문구 답십리로 309 (장안동),37.572295,127.0748317
310,장안동점,동대문구,서울 동대문구 장한로 43 (장안동),37.5650632,127.0666931
311,장안중앙점,동대문구,서울 동대문구 사가정로25길 42 (장안동),37.5806425,127.0709617
312,장한평군자초교점,동대문구,서울 동대문구 한천로2길 53 (장안동),37.5627974,127.0613958
313,전농뉴타운점,동대문구,서울 동대문구 답십리로 77 (전농동),37.5750329,127.0496055
314,전농사거리점,동대문구,서울 동대문구 사가정로 132 (전농동),37.5775568,127.0595101
315,청량리점,동대문구,서울 동대문구 왕산로 225 (청량리동),37.5832353,127.0447165
316,촬영소사거리점,동대문구,서울 동대문구 답십리로 264 (장안동),37.5722268,127.0694723
317,회기역점,동대문구,"서울 동대문구 망우로 67 (휘경동, 효자 워너빌)",37.5899254,127.0606026
318,회기역중앙점,동대문구,서울 동대문구 회기로 194-1 (휘경동),37.5897957,127.0574889
319,남성역점,동작구,서울 동작구 사당로17가길 13 (사당동),37.4837726,126.9734022
320,노들점,동작구,서울 동작구 노량진로 200 (노량진동),37.5128665,126.947914
321,노량진CTS점,동작구,서울 동작구 노량진로 110 (노량진동),37.5131457,126.9380262
322,노량진드림스퀘어점,동작구,"서울 동작구 노들로2길 7 (노량진동, 노량진 드림스퀘어 복합빌딩)",37.5069497,126.9362749
323,노량진역사점,동작구,"서울 동작구 노량진로 지하 130 (노량진동, 9호선 노량진역)",37.51408199999999,126.941687
324,대림성모점,동작구,서울 동작구 시흥대로 658 (신대방동),37.4903375,126.9080654
325,대방역점,동작구,"서울 동작구 노량진로 24 (대방동, 한신빌딩)",37.5128738,126.9281981
326,보라매공원점,동작구,서울 동작구 여의대방로 90 (신대방동),37.496767,126.9166468
327,보라매점,동작구,"서울 동작구 보라매로5가길 16 (신대방동, 보라매아카데미타워)",37.49126529999999,126.924088
328,사당역점,동작구,서울 동작구 동작대로7길 100 (사당동),37.4771207,126.9775204
329,사당점,동작구,서울 동작구 동작대로 45 (사당동),37.4807275,126.9814704
330,상도역점,동작구,서울 동작구 상도로 277 (상도1동),37.49921399999999,126.9514712
331,상도중앙점,동작구,서울 동작구 만양로 17 (상도동),37.5061645,126.9471926
332,숭실대점,동작구,서울 동작구 사당로 2 (상도동),37.4924279,126.9624349
333,신대방삼거리점,동작구,서울 동작구 상도로 78 (대방동),37.5145329,126.9322942
334,신상도초교점,동작구,서울 동작구 양녕로 183 (상도동),37.497676,126.9431874
335,이수중앙점,동작구,서울 동작구 사당로 285 (사당동),37.4846165,126.9791799
336,장승배기역점,동작구,서울 동작구 상도로 193 (상도동),37.5052485,126.9401875
337,중앙대점,동작구,서울 동작구 흑석로 79 (흑석동),37.5069892,126.9584078
338,중앙대후문점,동작구,서울 동작구 흑석로 20 (상도동),37.5047935,126.9530208
339,총신대입구역점,동작구,서울 동작구 동작대로 119-1 (사당동),37.487267,126.9818565
340,총신대점,동작구,"서울 동작구 사당로16가길 96 (사당동) 1,2층",37.4850653,126.9688107
341,해군회관점,동작구,서울 동작구 여의대방로 194 (대방동),37.5080962,126.9262539
342,공덕롯데캐슬점,마포구,"서울 마포구 마포대로 109 (공덕동, 롯데캐슬프레지던트)",37.5448703,126.9507228
343,공덕점,마포구,서울 마포구 마포대로8길 15 (공덕동),37.5461947,126.954512
344,광흥창역점,마포구,"서울 마포구 창전로 45 (창전동, 서강한화오벨리스크)",37.5496548,126.9324316
345,대흥역점,마포구,서울 마포구 백범로 100 (대흥동),37.5488447,126.9414298
346,동교중앙점,마포구,서울 마포구 동교로27길 8 (동교동),37.5587392,126.9230221
347,마포경찰서점,마포구,서울 마포구 마포대로 173 (공덕동),37.54909,126.9532728
348,마포공덕역점,마포구,서울 마포구 새창로 6 (도화동),37.5407431,126.9537335
349,마포구청점,마포구,서울 마포구 월드컵로 196 (성산동),37.5643652,126.9062602
350,마포데시앙점,마포구,서울 마포구 독막로 320 (도화동),37.5397449,126.9484575
351,마포성산시영점,마포구,서울 마포구 월드컵북로 210 (성산동),37.5613712,126.9167228
352,마포점,마포구,서울 마포구 도화길 10 (도화동),37.5397641,126.9473823
353,망리단길점,마포구,"서울 마포구 포은로 81-1 (망원동, S-빌딩)",37.5543031,126.9052551
354,망원역점,마포구,서울 마포구 월드컵로 82-1 (서교동),37.5579103,126.9106565
355,망원중앙점,마포구,서울 마포구 월드컵로 147 (망원동),37.5559772,126.9012821
356,상수역점,마포구,서울 마포구 와우산로 41-1 (상수동),37.5462303,126.9280897
357,상암DMC점,마포구,서울 마포구 월드컵북로 396 (상암동),37.5791192,126.8902941
358,상암KBS점,마포구,서울 마포구 월드컵북로 375 (상암동),37.5773051,126.8906358
359,상암우리기술점,마포구,서울 마포구 월드컵북로56길 9 (상암동),37.5813475,126.887425
360,상암한샘점,마포구,서울 마포구 성암로13길 58 (상암동),37.5756558,126.8977097
361,상암홈플러스점,마포구,서울 마포구 월드컵로 240 (성산동),37.55922,126.9139289
362,서강대점,마포구,서울 마포구 백범로 34 (신수동),37.5487604,126.9393635
363,서교동점,마포구,서울 마포구 와우산로29길 70 (서교동),37.5563162,126.9265746
364,성산점,마포구,서울 마포구 월드컵북로 137 (성산동),37.5675176,126.9100186
365,성산중앙점,마포구,서울 마포구 성미산로 78 (성산동),37.5615164,126.9194136
366,신촌그랑자이점,마포구,"서울 마포구 대흥로 183 (대흥동, 신촌그랑자이 상가)",37.5554011,126.9457092
367,신촌로터리점,마포구,서울 마포구 서강로 135 (노고산동),37.5526793,126.935288
368,신촌숲아이파크점,마포구,"서울 마포구 광성로 17 (신수동, 신촌숲아이파크)",37.5507963,126.9345284
369,애오개역점,마포구,서울 마포구 마포대로 208 (아현동),37.5524425,126.9568124
370,오벨리스크점,마포구,"서울 마포구 마포대로 33 (도화동, 마포 한화 오벨리스크)",37.5399759,126.9454625
371,한강공원로점 ,마포구,서울 마포구 망원로 21 (망원동),37.5563164,126.8993901
372,합정LIG점,마포구,서울 마포구 양화로1길 21 (합정동),37.5494407,126.9103713
373,합정동점,마포구,서울 마포구 양화로6길 90 (합정동),37.5481933,126.919058
374,합정역사거리점,마포구,서울 마포구 독막로2길 5 (합정동),37.548217,126.914866
375,합정역점,마포구,서울 마포구 양화로11길 54 (서교동),37.5520737,126.91491
376,합정홈플러스점,마포구,"서울 마포구 양화로 45 (서교동, 메세나폴리스)",37.5499443,126.9137027
377,홍대중앙점,마포구,서울 마포구 양화로 124 (서교동),37.5542126,126.9207762
378,홍대청기와점,마포구,서울 마포구 월드컵북로 7 (서교동),37.5580081,126.9149565
379,홍대학원가점,마포구,서울 마포구 와우산로 148 (창전동),37.5541014,126.929644
380,홍익대점,마포구,"서울 마포구 홍익로 10 (서교동, 서교푸르지오)",37.553754,126.923004
381,가재울점,서대문구,"서울 서대문구 수색로 100 (북가좌동, DMC래미안e편한세상)",37.5743004,126.9121504
382,가재울중앙점,서대문구,"서울 서대문구 가재울미래로 2 (남가좌동, DMC파크뷰자이)",37.572301,126.9182776
383,독립문통일로점,서대문구,서울 서대문구 영천동 ,37.5699488,126.9563277
384,동교동점,서대문구,서울 서대문구 신촌로 5 (창천동),37.558379,126.9396708
385,명지대점,서대문구,서울 서대문구 거북골로 35 (남가좌동),37.5793331,126.9239019
386,명지전문대점,서대문구,서울 서대문구 가좌로 140 (홍은동),37.5845413,126.9241326
387,무악재역점,서대문구,서울 서대문구 홍제동 ,37.58551120000001,126.9489831
388,북가좌동점,서대문구,서울 서대문구 증가로 257 (북가좌동),37.5760008,126.9030186
389,서대문구청점,서대문구,서울 서대문구 연희로 237 (연희동),37.578217,126.9356558
390,서대문점,서대문구,서울 서대문구 냉천동,37.5668216,126.962263
391,신촌기차역점,서대문구,서울 서대문구 신촌역로 35 (창천동),37.5589365,126.9414455
392,신촌역점,서대문구,서울 서대문구 신촌로 87-20 (창천동),37.5603666,126.9340513
393,아현역점,서대문구,"서울 서대문구 신촌로35길 10 (북아현동, e편한세상신촌 4단지)",37.5584231,126.9546193
394,연남동점,서대문구,서울 서대문구 연희로 42 (연희동),37.5623305,126.9278489
395,연대서문점,서대문구,서울 서대문구 연희로10길 86 (연희동),37.5636727,126.933677
396,연세대점,서대문구,서울 서대문구 연세로12길 10 (창천동),37.5588209,126.9375073
397,연희삼거리점,서대문구,서울 서대문구 연희로 117 (연희동),37.5682728,126.9318184
398,이화여대점,서대문구,"서울 서대문구 이화여대길 26 (대현동, 이화빌딩)",37.5574242,126.9445008
399,충정로3가점,서대문구,"서울 서대문구 경기대로 26-26 (충정로3가, 더스타일하우스디센트럴)",37.5622371,126.9615554
400,홍은사거리점,서대문구,"서울 서대문구 통일로 510 (홍은동, 북한산 더샵)",37.5927053,126.9416772
401,홍제역점,서대문구,서울 서대문구 홍제동,37.58551120000001,126.9489831
402,강남센트럴시티점,서초구,"서울 서초구 신반포로 176 (반포동, 센트럴시티)",37.5041299,127.0030692
403,교대역점,서초구,"서울 서초구 서초대로56길 22 (서초동, 성운빌딩)",37.4977102,126.9978029
404,교육개발원사거리점,서초구,"서울 서초구 바우뫼로 180 (양재동, 신송빌딩)",37.4787133,127.0390216
405,구반포역점,서초구,"서울 서초구 신반포로 50 (반포동, 구반포상가)",37.5035427,126.988748
406,국립중앙도서관디지털관점,서초구,"서울 서초구 반포대로 201 (반포동, 국립중앙도서관)",37.4977656,127.0036701
407,국립중앙도서관본관점,서초구,"서울 서초구 반포대로 201 (반포동, 국립중앙도서관)",37.4977656,127.0036701
408,남부터미널점,서초구,서울 서초구 서초동 ,37.4876872,127.0174271
409,내방역점,서초구,"서울 서초구 서초대로 108 (방배동, 삼보빌딩)",37.4732973,127.0407716
410,반포지하상가점,서초구,"서울 서초구 신반포로 지하 200 (잠원동, 강남터미널지하쇼핑몰)",37.5065978,127.0054105
411,방배역점,서초구,서울 서초구 방배로 87 (방배동),37.482139,126.9968963
412,방배중앙점,서초구,"서울 서초구 동광로 1 (방배동, 대양빌딩)",37.4910362,126.9830198
413,서울고교점,서초구,서울 서초구 서초동 ,37.4876872,127.0174271
414,서울고속버스터미널점,서초구,"서울 서초구 신반포로 194 (반포동, 강남고속버스터미널)",37.5049142,127.0049151
415,서울교대점,서초구,서울 서초구 서초동 ,37.4876872,127.0174271
416,서초법조타운점,서초구,"서울 서초구 서초중앙로24길 7 (서초동, 동천빌딩)",37.4947529,127.0144754
417,서초역점,서초구,서울 서초구 서초동 ,37.4876872,127.0174271
418,서초우면중앙점,서초구,"서울 서초구 양재대로2길 100-11 (우면동, 서초 리슈빌S)",37.4686963,127.0232578
419,서초점,서초구,서울 서초구 서초대로48길 16 (서초동),37.4920152,127.0113078
420,신논현역점 ,서초구,서울 서초구 강남대로79길 10 (반포동),37.5052523,127.0231968
421,양재AT점,서초구,"서울 서초구 동산로 3 (양재동, 한서빌딩)",37.4809908,127.0410491
422,양재언남점,서초구,"서울 서초구 동산로 60 (양재동, 화성빌딩)",37.46854769999999,127.0278008
423,양재점,서초구,서울 서초구 남부순환로347길 38 (서초동),37.4859875,127.0314737
424,양재중앙점,서초구,"서울 서초구 강남대로 221 (양재동, 양재역 환승주차장)",37.4832682,127.0344664
425,양재하나로마트점,서초구,"서울 서초구 청계산로 10 (양재동, 농협하나로클럽)",37.4629931,127.043105
426,예술의전당점,서초구,"서울 서초구 반포대로 32 (서초동, 원일빌딩)",37.4833789,127.0121074
427,우면동점,서초구,"서울 서초구 바우뫼로 20 (우면동, 고호빌딩)",37.4699641,127.025301
428,잠원논현점,서초구,서울 서초구 신반포로 333 (잠원동),37.5108609,127.0201156
429,청계산입구역점,서초구,서울 서초구 신원동,37.4446745,127.0614206
430,포이점,서초구,서울 서초구 마방로10길 42 (양재동),37.475593,127.0445372
431,함지박사거리점,서초구,서울 서초구 방배로 234 우신빌딩,37.4780738,127.0007198
432,논골사거리점,성동구,서울 성동구 난계로 35 (금호동1가),37.5554834,127.0244633
433,답십리로데오점,성동구,서울 성동구 용답19길 17-1 (용답동),37.5637339,127.052529
434,뚝섬역점,성동구,서울 성동구 상원길 38-1 (성수동1가),37.5473256,127.048794
435,마장동점,성동구,서울 성동구 고산자로 339-2 (마장동),37.5699814,127.0373421
436,마장역점,성동구,서울 성동구 마장로 293-1 (마장동),37.5659109,127.0421543
437,상왕십리역점,성동구,서울 성동구 무학봉15길 27 (하왕십리동),37.5636352,127.0301592
438,서울숲역점,성동구,서울 성동구 왕십리로 96-1 (성수동1가),37.5391701,127.0474244
439,성동구청점,성동구,서울 성동구 고산자로 269 (도선동),37.5632818,127.0328803
440,성수2가점,성동구,서울 성동구 성덕정길 106 (성수동2가),37.5371206,127.0550961
441,성수아카데미점,성동구,서울 성동구 성수이로 118 (성수동2가),37.5451437,127.0578284
442,성수우리W타워점,성동구,서울 성동구 아차산로15길 19 (성수동2가),37.5447256,127.0621362
443,성수중앙점,성동구,"서울 성동구 성수일로6길 47 (성수동2가, 현성빌딩)",37.5442438,127.0552721
444,신금호역점,성동구,서울 성동구 금호산길 64 (금호동2가),37.5538555,127.0196077
445,옥수동점,성동구,서울 성동구 매봉길 12 (옥수동),37.5452467,127.0156749
446,옥수역점,성동구,서울 성동구 한림말5길 9 (옥수동),37.5419719,127.0167024
447,왕십리비트플렉스점,성동구,서울 성동구 왕십리광장로 17 (행당동),37.5621482,127.0379421
448,왕십리센트라스점,성동구,서울 성동구 무학로 22 (홍익동),37.5660457,127.0302943
449,왕십리역점,성동구,서울 성동구 왕십리로 309 (행당동),37.5594078,127.0330515
450,응봉동점,성동구,"서울 성동구 독서당로 381 (응봉동, 현대종합상가)",37.54264939999999,127.0119669
451,장한평역점,성동구,서울 성동구 천호대로 426 (용답동),37.560746,127.0662025
452,텐즈힐점,성동구,"서울 성동구 무학로 33 (하왕십리동, 텐즈힐)",37.5691517,127.0246523
453,한양대점,성동구,서울 성동구 사근동길 4 (행당동),37.5598989,127.0415624
454,행당동점,성동구,서울 성동구 고산자로 201 (행당동),37.5580159,127.0337407
455,고대개운점,성북구,서울 성북구 개운사길 30 (안암동5가),37.5876534,127.0294038
456,고대점,성북구,서울 성북구 인촌로 24 (안암동2가),37.587055,127.0212162
457,국민대점,성북구,서울 성북구 정릉로9라길 8 (정릉동),37.6111263,127.0003764
458,길음뉴타운점,성북구,"서울 성북구 길음로 74 (길음동, 길음 에스에이치빌)",37.6097759,127.0206116
459,길음중앙점,성북구,"서울 성북구 도봉로 11 (길음동, 삼주빌딩)",37.6101971,127.0298799
460,돈암동점,성북구,서울 성북구 동소문로 119 (동선동4가),37.5943435,127.0185038
461,돈암아리랑점,성북구,"서울 성북구 아리랑로 75 (돈암동, 돈암코오롱하늘채)",37.5992985,127.0129938
462,돌곶이역점,성북구,서울 성북구 돌곶이로22길 3 (석관동),37.6101594,127.058086
463,동덕여대점,성북구,서울 성북구 화랑로 99 (하월곡동),37.6038358,127.0353171
464,동소문동점,성북구,서울 성북구 동소문로13길 5 (동소문동4가),37.5920114,127.0128569
465,보문역점,성북구,서울 성북구 보문로 111 (보문동2가),37.5848579,127.0191073
466,석계중앙점,성북구,서울 성북구 화랑로40길 61 (석관동),37.6130719,127.0627789
467,석관동점,성북구,"서울 성북구 돌곶이로8길 22 (석관동, 래미안아트리치)",37.606103,127.0634229
468,성북구청점,성북구,서울 성북구 보문로 162 (삼선동5가),37.5876581,127.0157281
469,성신여대역점,성북구,서울 성북구 동소문로17길 40 (동소문동6가),37.5935484,127.0152431
470,성신여대점,성북구,서울 성북구 보문로34길 100 (동선동2가),37.5911844,127.020776
471,월곡1동점,성북구,서울 성북구 오패산로 99 (하월곡동),37.6107208,127.0351251
472,월곡동아점,성북구,서울 성북구 장월로1길 47 (상월곡동),37.606215,127.0456787
473,월곡중앙점,성북구,"서울 성북구 종암로 167 (하월곡동, 동일하이빌뉴시티)",37.604314,127.0309948
474,장위2동점,성북구,서울 성북구 화랑로25길 14 (장위동),37.6092663,127.0524388
475,장위뉴타운점,성북구,서울 성북구 장월로 144-1 (장위동),37.6176579,127.0510126
476,장위동점,성북구,서울 성북구 월계로40길 7 (장위동),37.6228267,127.048397
477,장위북서울꿈의숲점,성북구,서울 성북구 돌곶이로41가길 2 (장위동),37.6185575,127.0455923
478,장위중앙점,성북구,서울 성북구 장위로 35 (장위동),37.6139721,127.0493268
479,정릉뉴타운점,성북구,"서울 성북구 정릉로 307 (정릉동, 라온유 아파트)",37.60318760000001,127.0183002
480,정릉아리랑점,성북구,"서울 성북구 북악산로 851 (정릉동, 정릉2차 e-편한세상)",37.5998738,127.0195276
481,정릉점,성북구,서울 성북구 보국문로 77 (정릉동),37.6111065,127.0086007
482,정릉중앙점,성북구,서울 성북구 정릉로 251 (정릉동),37.6046666,127.0119116
483,종암동점,성북구,서울 성북구 종암로 105 (종암동),37.5994896,127.0339384
484,하월곡동점,성북구,서울 성북구 오패산로 16 (하월곡동),37.6115817,127.0381509
485,한성대역점,성북구,서울 성북구 동소문로 19 (동소문동1가),37.5889646,127.0063694
486,한성대점,성북구,서울 성북구 삼선교로 10 (삼선동1가),37.5863523,127.0089064
487,가든파이브점,송파구,"서울 송파구 충민로 10 (문정동, 가든파이브툴)",37.4782249,127.1193622
488,가든파이브테크노관점,송파구,"서울 송파구 충민로 66 (문정동, 가든파이브라이프)",37.4775761,127.125043
489,가락몰점,송파구,"서울 송파구 양재대로 932 (가락동, 가락몰 판매동)",37.4933411,127.1097998
490,가락중앙점,송파구,서울 송파구 송이로 87 (가락동),37.4982843,127.1207781
491,개롱역점,송파구,"서울 송파구 오금로 407 (오금동, 상아아파트)",37.4982404,127.136456
492,거여점,송파구,서울 송파구 오금로 497 (거여동),37.48205129999999,127.1429218
493,마천사거리점,송파구,"서울 송파구 마천로 264 (거여동, 흥일빌딩)",37.4980378,127.1461353
494,문정KDU타워점,송파구,"서울 송파구 정의로 70 (문정동, 케이디유타워)",37.4830797,127.12489
495,문정문현점,송파구,서울 송파구 새말로8길 30 (문정동),37.4800957,127.1266355
496,문정중앙점,송파구,서울 송파구 문정로 31-1 (문정동),37.4864701,127.1263126
497,문정테라타워점,송파구,"서울 송파구 송파대로 167 (문정동, 문정역테라타워)",37.4852289,127.1207097
498,방이미성점,송파구,"서울 송파구 오금로 251 (방이동, 잠실3차한양아파트)",37.5061281,127.1224849
499,방이시장점,송파구,서울 송파구 백제고분로48길 3 (방이동),37.51180069999999,127.1137457
500,방이역점,송파구,서울 송파구 위례성대로18길 32 (방이동),37.5095235,127.1247104
501,방이초교점,송파구,서울 송파구 가락로 280 (방이동),37.5127115,127.1199902
502,삼전역점,송파구,서울 송파구 백제고분로 263 (삼전동),37.5027433,127.0957873
503,서울삼성내과점,송파구,"서울 송파구 백제고분로 126 (잠실동, 오룡빌딩)",37.5061551,127.0807668
504,석촌백제점,송파구,"서울 송파구 백제고분로39길 15 (석촌동, 삼경빌딩)",37.5058869,127.1043148
505,석촌사거리점,송파구,"서울 송파구 송파대로 409 (석촌동, 범양빌딩)",37.503517,127.1035697
506,석촌역점,송파구,"서울 송파구 송파대로 456 (송파동, 웅현빌딩)",37.5076277,127.108153
507,송파동점,송파구,"서울 송파구 백제고분로41길 5 (송파동, 태원빌딩)",37.509183,127.1055698
508,송파문정점,송파구,서울 송파구 송이로 159 (가락동),37.4929217,127.1253339
509,송파올림픽훼미리타운점,송파구,"서울 송파구 중대로 24 (문정동, 올림픽훼밀리타운 아카데미 상가)",37.4896023,127.1187913
510,송파위례점,송파구,"서울 송파구 위례광장로 188 (장지동, 아이온스퀘어)",37.4850892,127.1332182
511,송파잠실점,송파구,서울 송파구 삼전로 95 (잠실동),37.5069289,127.0898316
512,송파파인타운점,송파구,"서울 송파구 충민로2길 28 (장지동, 대진플라자2)",37.4772984,127.1275686
513,송파풍납점,송파구,서울 송파구 강동대로9길 17-1 (풍납동),37.5280621,127.11653
514,송파하비오점,송파구,"서울 송파구 송파대로 111 (문정동, 파크하비오)",37.482085,127.123578
515,송파한양점,송파구,"서울 송파구 가락로 165 (송파동, 위례캐슬빌)",37.5037323,127.1135741
516,오금점,송파구,"서울 송파구 오금로 306 (가락동, 가락스타클래스)",37.5028786,127.1261236
517,오금중앙점 ,송파구,"서울 송파구 위례성대로22길 18 (오금동, 이시돌빌딩)",37.5087113,127.1304008
518,올림픽공원점,송파구,서울 송파구 올림픽로 354 (방이동),37.516154,127.109764
519,올림픽프라자점,송파구,서울 송파구 양재대로 1222 (방이동),37.51593200000001,127.1320277
520,위례아이파크점,송파구,"서울 송파구 위례광장로 136 (장지동, 위례아이파크)",37.4797341,127.1440951
521,위례포레샤인점,송파구,"서울 송파구 위례순환로 477 (장지동, 위례포레샤인23단지)",37.4765682,127.1347366
522,잠실나루역점,송파구,"서울 송파구 올림픽로35길 104 (신천동, 장미아파트)",37.5193571,127.0993659
523,잠실본동점,송파구,"서울 송파구 백제고분로 172 (잠실동, 제이케이빌딩)",37.5067793,127.0893685
524,잠실역점,송파구,"서울 송파구 송파대로 567 (잠실동, 잠실주공아파트)",37.51519400000001,127.0948475
525,잠실월드점,송파구,"서울 송파구 올림픽로35가길 9 (신천동, 잠실 푸르지오 월드마크)",37.5175312,127.103575
526,종합운동장역점,송파구,"서울 송파구 올림픽로 76 (잠실동, J타워)",37.5121502,127.0752952
527,CBS본사점,양천구,서울 양천구 목동서로 159-1 (목동),37.52821350000001,126.8749471
528,강서초교점,양천구,서울 양천구 오목로 48 (신월동),37.5220241,126.8429393
529,남부지법점,양천구,서울 양천구 신월로 350 (신정동),37.5216718,126.8598865
530,목3동점,양천구,"서울 양천구 목동중앙북로 38 (목동, 롯데캐슬위너아파트)",37.5456576,126.8664435
531,목4동점,양천구,서울 양천구 목동중앙본로7길 46 (목동),37.5394371,126.86612
532,목동남부점,양천구,서울 양천구 목동남로 46 (신정동),37.5087155,126.8647187
533,목동등촌로점,양천구,서울 양천구 등촌로 180 (목동),37.5456026,126.8627246
534,목동로데오점,양천구,서울 양천구 목동로 219 (신정동),37.5279211,126.8637907
535,목동신목점,양천구,"서울 양천구 목동중앙로 85 (목동, 강산아파트)",37.53661990000001,126.8712586
536,목동신트리점,양천구,"서울 양천구 신정로 312 (신정동, 뉴프라자)",37.5132891,126.855733
537,목동아델리체점,양천구,"서울 양천구 중앙로43길 14 (신정동, 래미안 목동아델리체)",37.5180135,126.8518873
538,목동역점,양천구,서울 양천구 오목로 227 (신정동),37.526041,126.8627071
539,목동중앙점,양천구,"서울 양천구 목동서로 287 (신정동, 동문비젼오피스텔)",37.5215106,126.8690925
540,목동파라곤점,양천구,서울 양천구 목동서로 155 (목동),37.5293136,126.8751264
541,목동파리공원점,양천구,서울 양천구 목동동로 379 (목동),37.5355702,126.8787085
542,서남병원점,양천구,서울 양천구 신정동,37.5166014,126.8638714
543,신월5동점,양천구,서울 양천구 화곡로 50 (신월동),37.5391278,126.8274379
544,신월7동점,양천구,서울 양천구 지양로 79 (신월동),37.5223947,126.8329818
545,신월사거리점,양천구,서울 양천구 남부순환로 353 (신월동),37.5356284,126.8289172
546,신월신곡시장점,양천구,서울 양천구 신월로 172 (신월동),37.5182621,126.8426399
547,신정교점,양천구,서울 양천구 신목로 36 (신정동),37.5188009,126.8737695
548,신정네거리역점,양천구,서울 양천구 중앙로 282 (신정동),37.5215126,126.8525663
549,신정서부점,양천구,서울 양천구 신정로11길 50-15 (신정동),37.5121775,126.8383361
550,신정역점,양천구,서울 양천구 오목로 155 (신정동),37.5249251,126.854642
551,양천구청점,양천구,서울 양천구 목동동로 63 (신정동),37.5152752,126.8623016
552,오목교대학학원점,양천구,서울 양천구 오목로 319 (목동),37.5250374,126.8730535
553,오목교역점,양천구,서울 양천구 신목로 102 (목동),37.5235593,126.8757535
554,KBS별관점,영등포구,"서울 영등포구 국제금융로8길 27-9 (여의도동, 동북빌딩)",37.5196169,126.9289537
555,국회대로점,영등포구,"서울 영등포구 국회대로72길 4 (여의도동, 아이비피아빌딩)",37.5302318,126.919859
556,국회의사당역점,영등포구,"서울 영등포구 의사당대로 22 (여의도동, 이룸센터)",37.5268293,126.91783
557,남부고용센터점,영등포구,서울 영등포구 양산로 71 (양평동3가),37.5249901,126.8910908
558,당산버드나루점,영등포구,서울 영등포구 버드나루로 87 (영등포동7가),37.5247311,126.9072916
559,당산역점,영등포구,"서울 영등포구 당산로 222 (당산동5가, 당산디오빌)",37.5332974,126.9022397
560,당산중앙점,영등포구,서울 영등포구 당산로 159 (당산동4가),37.5287389,126.8995556
561,대림1동점,영등포구,서울 영등포구 도림로 198 (대림동),37.4955091,126.899438
562,대림3동점,영등포구,서울 영등포구 대림로 212 (대림동),37.4995567,126.8981452
563,대림역점,영등포구,서울 영등포구 도림로31길 2 (대림동),37.4924907,126.8959161
564,도림사거리점,영등포구,서울 영등포구 도림로 326 (신길동),37.5065486,126.9018065
565,도림점,영등포구,"서울 영등포구 도신로15길 40 (도림동, 도림빌딩)",37.5096218,126.8979124
566,라이프점,영등포구,"서울 영등포구 63로 40 (여의도동, 라이프오피스텔)",37.5195583,126.9391694
567,문래역점,영등포구,서울 영등포구 문래로 89 (문래동3가),37.5196161,126.8919362
568,보라매역점,영등포구,서울 영등포구 여의대방로 141 (신길동),37.5074088,126.9168029
569,서여의도점,영등포구,"서울 영등포구 국회대로72길 17 (여의도동, KCC파크타운)",37.529455,126.9211706
570,선유도역점,영등포구,서울 영등포구 양평로 126 (양평동5가),37.5411416,126.8944092
571,신길성애병원점,영등포구,서울 영등포구 여의대방로53길 27 (신길동),37.5118321,126.9215338
572,신길썬프라자점,영등포구,서울 영등포구 신길로 42 (신길동),37.496429,126.9086066
573,신길아이파크점,영등포구,서울 영등포구 도림로 280 (신길동),37.5029,126.9042022
574,신길역점,영등포구,서울 영등포구 영등포로 353 (신길동),37.5150289,126.918074
575,신길중앙점,영등포구,서울 영등포구 도신로 229 (신길동),37.5121582,126.9165036
576,신풍역점,영등포구,서울 영등포구 신풍로 52-1 (신길동),37.49990469999999,126.9117746
577,양평동2가점,영등포구,"서울 영등포구 선유서로25길 19 (양평동2가, 오목교투웨니퍼스트)",37.5243251,126.8837313
578,여의나루역점,영등포구,서울 영등포구 여의나루로 113 (여의도동),37.52601629999999,126.9307571
579,여의도농협재단점,영등포구,"서울 영등포구 국제금융로8길 2 (여의도동, 농협재단빌딩)",37.5219838,126.930031
580,여의도역점,영등포구,"서울 영등포구 의사당대로 108 (여의도동, 아일렉스)",37.5210236,126.9240116
581,영등포knk점,영등포구,"서울 영등포구 영신로 220 (영등포동8가, KnK디지털타워)",37.526554,126.904299
582,영등포구청점,영등포구,서울 영등포구 당산로 110 (당산동3가),37.5268845,126.8983667
583,영등포그랜드점,영등포구,"서울 영등포구 양산로9길 15 (양평동3가, 그랜드타워)",37.5263235,126.888719
584,영등포본동점,영등포구,서울 영등포구 영신로19길 15 (영등포동),37.5138185,126.9060085
585,영등포시장점,영등포구,서울 영등포구 영등포로35길 19 (영등포동6가),37.5216207,126.9041803
586,영등포아크로타워점,영등포구,"서울 영등포구 국회대로54길 10 (영등포동7가, 아크로타워 스퀘어)",37.5244579,126.9076599
587,영등포에이스점,영등포구,서울 영등포구 경인로 775 (문래동3가),37.5144447,126.8987734
588,영등포점,영등포구,서울 영등포구 영중로 16-1 (영등포동3가),37.5187427,126.9070871
589,영등포중앙점,영등포구,서울 영등포구 영중로 37 (영등포동4가),37.5193148,126.9046511
590,영등포코레일점,영등포구,"서울 영등포구 경인로 846 (영등포동, 영등포 민자역사)",37.5158879,126.9075191
591,영등포홈플러스점,영등포구,"서울 영등포구 당산로 42 (문래동3가, 홈플러스)",37.5181504,126.8958956
592,한강성심병원점,영등포구,서울 영등포구 버드나루로 51 (영등포동2가),37.523129,126.9105655
593,한국수출입은행점,영등포구,"서울 영등포구 은행로 38 (여의도동, 한국수출입은행빌딩)",37.52859309999999,126.9233935
594,힐스테이트클래시안점,영등포구,"서울 영등포구 신길로28길 9 (신길동, 힐스테이트 클래시안)",37.503593,126.912645
595,IBK고객센터점,용산구,"서울 용산구 한남대로 72 (한남동, IBK기업은행고객센터)",37.5350224,127.0070392
596,동부이촌동점,용산구,서울 용산구 이촌로77길 19 (이촌동),37.52040119999999,126.974878
597,동자동점,용산구,서울 용산구 후암로 93 (동자동),37.5533136,126.975103
598,삼각지역점,용산구,"서울 용산구 한강대로 205 (한강로1가, 용산파크자이)",37.5364153,126.9724713
599,삼각지점,용산구,서울 용산구 한강대로 138 (한강로2가),37.5304542,126.9695065
600,숙대입구역점,용산구,서울 용산구 한강대로 289 (갈월동),37.5453248,126.9702197
601,순천향병원점,용산구,서울 용산구 대사관로 72 ,37.5330587,127.0059327
602,용문점,용산구,서울 용산구 원효로41길 73 (원효로2가),37.5363006,126.9624595
603,용산원효점,용산구,"서울 용산구 원효로 70 (원효로4가, 신정빌딩)",37.5322885,126.9515009
604,용산이마트점,용산구,서울 용산구 한강대로21나길 17 (한강로3가),37.5288539,126.9640447
605,용산중앙점,용산구,서울 용산구 한강대로 52-1 (한강로3가),37.5255891,126.9648264
606,용산청파점,용산구,"서울 용산구 청파로71길 10 (청파동1가, 새마을금고)",37.5446762,126.9700265
607,용산효창점,용산구,서울 용산구 효창원로66길 2 (효창동),37.5410418,126.9634863
608,용산후암점,용산구,"서울 용산구 후암로 40-2 (후암동, 성원빌딩)",37.5494813,126.9776645
609,원효로점,용산구,서울 용산구 원효로 257 (원효로1가),37.5399325,126.9674607
610,갈현점,은평구,서울 은평구 갈현로 268 (갈현동),37.6122498,126.9132786
611,구산사거리점,은평구,서울 은평구 서오릉로 195 (구산동),37.6138414,126.9110225
612,구산역점,은평구,서울 은평구 연서로 148 (대조동),37.6141112,126.9208904
613,구파발역점,은평구,"서울 은평구 진관2로 29-21 (진관동, 드림스퀘어)",37.6458965,126.9262918
614,녹번동점,은평구,"서울 은평구 진흥로 156 (녹번동, 신명빌딩)",37.6086912,126.9269617
615,녹번중앙점,은평구,"서울 은평구 통일로 635 (녹번동, 녹번동메카오피스텔)",37.603474,126.9346394
616,독바위역점,은평구,"서울 은평구 불광로 128 (불광동, 배진하우스)",37.6180771,126.9333072
617,백련산아이파크점,은평구,"서울 은평구 응암로 264 (응암동, 서울빌딩)",37.5952388,126.9188557
618,본서부병원점,은평구,"서울 은평구 응암로 337 (응암동, 빛터룩스 빌딩)",37.6012692,126.9221517
619,불광역점,은평구,서울 은평구 통일로 731 (대조동),37.6141112,126.9208904
620,불광연서로점,은평구,서울 은평구 연서로 275 (불광동),37.6116009,126.9304684
621,불광중앙점,은평구,서울 은평구 불광로 59 (불광동),37.6122908,126.9317226
622,수색역점,은평구,서울 은평구 수색로 250 (수색동),37.5818859,126.8963113
623,역촌동점,은평구,서울 은평구 갈현로 82 (역촌동),37.6013705,126.9134783
624,역촌사거리점,은평구,서울 은평구 서오릉로 100 (대조동),37.608995,126.9216444
625,역촌진흥로점,은평구,서울 은평구 진흥로1길 3 (역촌동),37.6016991,126.9194436
626,연신내역점,은평구,서울 은평구 통일로 855-9 (갈현동),37.6270657,126.9156137
627,연신내중앙점,은평구,서울 은평구 통일로 825 (대조동),37.6141112,126.9208904
628,연신내통일로점,은평구,서울 은평구 통일로 876 (불광동),37.6166944,126.9265287
629,은평구청점,은평구,서울 은평구 은평로 197 (녹번동),37.6016007,126.9296014
630,은평뉴타운점,은평구,"서울 은평구 진관3로 70 (진관동, 은평뉴타운상림마을)",37.64223339999999,126.9231143
631,은평이마트점,은평구,"서울 은평구 은평로 111 (응암동, 은평이마트)",37.6003893,126.9202568
632,응암역점,은평구,"서울 은평구 연서로 9 (역촌동, 센타폴리스)",37.6001129,126.9155858
633,응암오거리점,은평구,서울 은평구 응암로 211 (응암동),37.5908628,126.9171141
634,응암중앙점,은평구,서울 은평구 응암로 183 (응암동),37.5883944,126.9165713
635,증산동점,은평구,서울 은평구 증산서길 78 (증산동),37.5833382,126.9065476
636,경복궁역점,종로구,서울 종로구 자하문로 7 (체부동),37.5790658,126.9697902
637,광화문점,종로구,서울 종로구 세종대로23길 15 (도렴동),37.571457,126.9756366
638,광화문트윈트리타워점,종로구,"서울 종로구 율곡로 6 (중학동, 트윈 트리 빌딩)",37.5751853,126.9797383
639,낙원동점,종로구,서울 종로구 낙원동 ,37.57284569999999,126.9884126
640,대학로점,종로구,서울 종로구 대학로10길 17 (동숭동),37.5820564,127.0031655
641,독립문역점,종로구,서울 종로구 통일로 266 (무악동),37.5771577,126.9586244
642,동대문역점,종로구,"서울 종로구 율곡로 286 (종로6가, 야드인빌딩)",37.5718325,127.0081491
643,동묘역점,종로구,서울 종로구 종로 354 (숭인동),37.5776264,127.0223891
644,방통대점,종로구,서울 종로구 대학로 81-1 (연건동),37.5783148,127.0017255
645,배화여대점,종로구,서울 종로구 필운대로1길 35 (필운동),37.5778275,126.9679917
646,북촌마을점,종로구,서울 종로구 북촌로5길 39 (화동),37.57953759999999,126.9836008
647,삼일빌딩점,종로구,서울 종로구 삼일대로15길 13 (관철동),37.5687424,126.9867265
648,상명대점,종로구,서울 종로구 홍지동,37.601247,126.9562041
649,성균관대점,종로구,서울 종로구 성균관로 8 (명륜2가),37.5845216,126.9994393
650,숭인점,종로구,서울 종로구 숭인동길 6 (숭인동),37.5752518,127.0215847
651,신설점,종로구,서울 종로구 난계로29길 30 (숭인동),37.5741948,127.0214683
652,종각점,종로구,서울 종로구 삼일대로19길 24 (관철동),37.56962,126.9862007
653,종로3가점,종로구,서울 종로구 종로 126 (종로3가),37.5700276,126.9917137
654,종로4가점,종로구,서울 종로구 김상옥로 1 (인의동),37.5734546,126.9978915
655,종로5가점,종로구,서울 종로구 대학로 33 (효제동),37.574208,127.0018843
656,종로교차로점,종로구,서울 종로구 동호로 406-1 (종로5가),37.5705613,127.002241
657,종로구청점,종로구,서울 종로구 수송동,37.5739802,126.9804234
658,종로르메이에르점,종로구,서울 종로구 종로1가 르메이에르종로타운,37.5709593,126.9798759
659,종로삼일대로점,종로구,서울 종로구 삼일대로 390-1 (관철동),37.5690625,126.9872746
660,종로타워점,종로구,"서울 종로구 종로 51 (종로2가, 종로타워)",37.5707727,126.983525
661,창덕궁점,종로구,서울 종로구 돈화문로 41-1 (묘동),37.5741088,126.991447
662,창신동점,종로구,서울 종로구 종로 316-1 (창신동),37.5745846,127.008896
663,창신중앙점 ,종로구,서울 종로구 지봉로 64 (숭인동),37.5756904,127.0158154
664,탑골공원점,종로구,서울 종로구 낙원동 ,37.57284569999999,126.9884126
665,혜화동로터리점,종로구,서울 종로구 혜화로 3-1 (혜화동),37.5860305,127.0005638
666,혜화역점,종로구,서울 종로구 창경궁로 258-15 (명륜2가),37.5846573,127.0002379
667,YTN점,중구,서울 중구 세종대로1길 11 (봉래동1가),37.5581783,126.9727466
668,광희동점,중구,서울 중구 마른내로 165-1 (광희동1가),37.564787,127.006136
669,다동점,중구,서울 중구 다동길 46 (다동),37.56782159999999,126.9817119
670,동국대후문점,중구,"서울 중구 창경궁로 2 (충무로5가, 남경빌딩)",37.5624822,126.9986871
671,동대문점,중구,서울 중구 을지로43길 38 (을지로6가),37.5676676,127.0077516
672,동평화점,중구,서울 중구 청계천로 318 (신당동),37.5694218,127.0132185
673,만리동고개점,중구,"서울 중구 만리재로 175 (만리동2가, 서울역센트럴자이),402동 102호",37.555136,126.9634788
674,명동역점,중구,서울 중구 퇴계로 103 (충무로1가),37.5608361,126.9832037
675,북창동점,중구,서울 중구 남대문로1길 57-1 (태평로2가),37.5636058,126.9775563
676,서소문점,중구,서울 중구 서소문로11길 8 (서소문동),37.5632228,126.973086
677,서울시청점,중구,"서울 중구 세종대로20길 23 (무교동, 원창빌딩)",37.5631745,126.9989676
678,세종로점,중구,서울 중구 세종대로21길 67 (태평로1가),37.5682757,126.9756694
679,신당점,중구,서울 중구 다산로35길 11 (신당동),37.56351799999999,127.0148075
680,신당중앙점,중구,서울 중구 퇴계로 455 (황학동),37.56744380000001,127.0198915
681,약수역점,중구,서울 중구 동호로 186-13 (신당동),37.5545654,127.0114859
682,오장동점,중구,서울 중구 마른내로 109-1 (오장동),37.5645748,127.0001136
683,을지로3가점,중구,서울 중구 수표로 45 (저동2가),37.5634861,126.9902353
684,정동점,중구,서울 중구 정동길 2-1 (정동),37.5679414,126.9693423
685,중림점,중구,서울 중구 청파로 464 (중림동),37.5607773,126.9682129
686,청구역점,중구,서울 중구 다산로 181-2 (신당동),37.5597511,127.0132283
687,충무로3가점,중구,서울 중구 퇴계로27길 31 (충무로3가),37.56252509999999,126.9912341
688,충무로점,중구,서울 중구 퇴계로 188 (필동1가),37.5607858,126.9921905
689,충무아트홀점,중구,서울 중구 퇴계로 381-1 (신당동),37.5652402,127.0139856
690,충무필동점,중구,서울 중구 퇴계로 218-5 (필동2가),37.561541,126.9936459
691,충정로역점,중구,"서울 중구 중림로 10 (중림동, 중림동 삼성 사이버 빌리지)",37.5587312,126.9649372
692,태평로점,중구,서울 중구 세종대로11길 26 (서소문동),37.5624142,126.9745054
693,한국은행점,중구,서울 중구 남대문로 29-2 (남대문로3가),37.5619687,126.9803334
694,황학롯데캐슬점,중구,"서울 중구 청계천로 400 (황학동, 롯데캐슬베네치아)",37.5708733,127.0213284
695,회현SK리더스점,중구,"서울 중구 퇴계로 72 (회현동1가, 리더스뷰남산)",37.5592302,126.9806639
696,금란망우점,중랑구,서울 중랑구 망우로 460 (망우동),37.6000681,127.1031213
697,동원사거리점,중랑구,"서울 중랑구 겸재로 240 (면목동, 행복오피스텔)",37.589608,127.0941645
698,망우동점,중랑구,서울 중랑구 망우로 416 (망우동),37.5991279,127.0983355
699,망우중앙점,중랑구,"서울 중랑구 용마산로115길 109 (망우동, 한일써너스빌리젠시2단지)",37.5976442,127.0943462
700,먹골역점,중랑구,서울 중랑구 동일로157길 13 (묵동),37.6097015,127.0768818
701,면목경남아너스빌점,중랑구,서울 중랑구 면목로27길 92 (면목동),37.5742279,127.0805033
702,면목본동점,중랑구,서울 중랑구 면목로 370 (면목동),37.5849094,127.0885874
703,묵동자이점,중랑구,"서울 중랑구 동일로 932 (묵동, 묵동자이아파트)",37.613816,127.077513
704,봉화산역점,중랑구,서울 중랑구 신내로 211 (신내동),37.6163947,127.0926039
705,사가정아이파크점,중랑구,"서울 중랑구 동일로92길 57 (면목동, 메디포레)",37.5834599,127.0831625
706,사가정역점,중랑구,서울 중랑구 면목로 325 (면목동),37.5810983,127.0881584
707,상봉엠코점,중랑구,"서울 중랑구 망우로 353 (상봉동, 상봉 프레미어스 엠코)",37.598081,127.0905951
708,상봉역점,중랑구,서울 중랑구 망우로 288 (상봉동),37.5957798,127.0844337
709,상봉중앙점,중랑구,서울 중랑구 망우로 316 (상봉동),37.5964462,127.0875204
710,서울중랑경찰서점,중랑구,서울 중랑구 신내역로3길 40-11 (신내동),37.6126681,127.1032127
711,서일중앙점,중랑구,"서울 중랑구 용마산로 394 (면목동, 해동검도)",37.5874945,127.091005
712,신내동점,중랑구,서울 중랑구 봉화산로 215 (신내동),37.6076181,127.0965284
713,양원남부점,중랑구,서울 중랑구 양원역로 25-10 (망우동),37.6030497,127.107406
714,양원역점,중랑구,서울 중랑구 양원역로14가길 24 (망우동),37.6016933,127.1083226
715,용마산역점,중랑구,서울 중랑구 면목로 254-1 (면목동),37.5753971,127.0856773
716,우림시장점,중랑구,서울 중랑구 봉우재로 240 (망우동),37.595272,127.0993536
717,중랑교차로점,중랑구,서울 중랑구 동일로 683 (면목동),37.5913966,127.0798414
718,중랑역점,중랑구,서울 중랑구 망우로 198 (상봉동),37.593212,127.0748661
719,중화동점,중랑구,서울 중랑구 동일로129길 1 (중화동),37.6011436,127.0805692
720,중화역점,중랑구,"서울 중랑구 동일로 815, 1층",37.6030917,127.0788763
721,화랑대역점,중랑구,"서울 중랑구 신내로25가길 2 (묵동, 현동학당)",37.6194506,127.0841605
